{
    "type": "FeatureCollection",
    "features": [
        {
            "type": "Feature",
            "properties": {
                "shapeName": "Kifisia",
                "shapeISO": "",
                "shapeID": "53547021B28343804278369",
                "shapeGroup": "GRC",
                "shapeType": "ADM3"
            },
            "geometry": {
                "type": "MultiPolygon",
                "coordinates": [
                    [
                        [
                            [
                                23.886219,
                                38.037311
                            ],
                            [
                                23.883317,
                                38.03508
                            ],
                            [
                                23.881197,
                                38.03345
                            ],
                            [
                                23.877167,
                                38.03453
                            ],
                            [
                                23.862587,
                                38.036459
                            ],
                            [
                                23.862328,
                                38.036494
                            ],
                            [
                                23.854144,
                                38.030211
                            ],
                            [
                                23.85062,
                                38.026219
                            ],
                            [
                                23.847067,
                                38.023004
                            ],
                            [
                                23.844756,
                                38.019226
                            ],
                            [
                                23.844773,
                                38.019215
                            ],
                            [
                                23.847804,
                                38.017359
                            ],
                            [
                                23.84757,
                                38.013871
                            ],
                            [
                                23.84306,
                                38.006911
                            ],
                            [
                                23.853918,
                                38.005949
                            ],
                            [
                                23.853842,
                                37.994436
                            ],
                            [
                                23.857624,
                                37.991175
                            ],
                            [
                                23.855926,
                                37.987396
                            ],
                            [
                                23.85338,
                                37.988587
                            ],
                            [
                                23.852835,
                                37.988635
                            ],
                            [
                                23.850656,
                                37.988828
                            ],
                            [
                                23.850281,
                                37.979875
                            ],
                            [
                                23.852961,
                                37.977052
                            ],
                            [
                                23.854533,
                                37.972799
                            ],
                            [
                                23.860348,
                                37.972575
                            ],
                            [
                                23.866862,
                                37.974349
                            ],
                            [
                                23.869158,
                                37.978199
                            ],
                            [
                                23.869969,
                                37.98146
                            ],
                            [
                                23.871966,
                                37.985535
                            ],
                            [
                                23.873552,
                                37.988272
                            ],
                            [
                                23.879226,
                                37.986648
                            ],
                            [
                                23.895649,
                                37.983563
                            ],
                            [
                                23.901139,
                                37.985883
                            ],
                            [
                                23.905436,
                                37.986002
                            ],
                            [
                                23.911128,
                                37.986366
                            ],
                            [
                                23.914617,
                                37.98718
                            ],
                            [
                                23.917686,
                                37.988147
                            ],
                            [
                                23.920903,
                                37.987824
                            ],
                            [
                                23.922666,
                                37.989205
                            ],
                            [
                                23.924977,
                                37.99256
                            ],
                            [
                                23.919082,
                                38.003675
                            ],
                            [
                                23.913762,
                                38.009456
                            ],
                            [
                                23.908853,
                                38.010133
                            ],
                            [
                                23.905879,
                                38.010535
                            ],
                            [
                                23.902236,
                                38.011027
                            ],
                            [
                                23.899139,
                                38.012213
                            ],
                            [
                                23.898195,
                                38.015417
                            ],
                            [
                                23.897322,
                                38.021378
                            ],
                            [
                                23.893657,
                                38.034971
                            ],
                            [
                                23.886219,
                                38.037311
                            ]
                        ]
                    ],
                    [
                        [
                            [
                                23.819971,
                                37.832196
                            ],
                            [
                                23.819382,
                                37.831094
                            ],
                            [
                                23.818442,
                                37.829337
                            ],
                            [
                                23.817138,
                                37.824581
                            ],
                            [
                                23.814873,
                                37.818846
                            ],
                            [
                                23.818707,
                                37.814808
                            ],
                            [
                                23.824538,
                                37.808992
                            ],
                            [
                                23.832959,
                                37.807982
                            ],
                            [
                                23.835419,
                                37.808302
                            ],
                            [
                                23.836624,
                                37.807936
                            ],
                            [
                                23.838045,
                                37.80779
                            ],
                            [
                                23.839837,
                                37.807619
                            ],
                            [
                                23.841413,
                                37.807668
                            ],
                            [
                                23.842094,
                                37.807526
                            ],
                            [
                                23.843662,
                                37.805507
                            ],
                            [
                                23.847205,
                                37.804544
                            ],
                            [
                                23.853998,
                                37.802907
                            ],
                            [
                                23.868337,
                                37.798882
                            ],
                            [
                                23.869532,
                                37.802708
                            ],
                            [
                                23.86987,
                                37.804611
                            ],
                            [
                                23.871716,
                                37.807638
                            ],
                            [
                                23.874092,
                                37.809622
                            ],
                            [
                                23.875023,
                                37.813686
                            ],
                            [
                                23.877218,
                                37.815283
                            ],
                            [
                                23.876892,
                                37.818877
                            ],
                            [
                                23.875812,
                                37.823776
                            ],
                            [
                                23.873805,
                                37.826318
                            ],
                            [
                                23.875631,
                                37.827402
                            ],
                            [
                                23.878487,
                                37.828478
                            ],
                            [
                                23.878648,
                                37.833325
                            ],
                            [
                                23.880154,
                                37.836763
                            ],
                            [
                                23.87804,
                                37.839172
                            ],
                            [
                                23.875755,
                                37.842121
                            ],
                            [
                                23.877396,
                                37.843837
                            ],
                            [
                                23.877545,
                                37.846645
                            ],
                            [
                                23.874777,
                                37.848992
                            ],
                            [
                                23.877295,
                                37.851604
                            ],
                            [
                                23.881636,
                                37.852846
                            ],
                            [
                                23.885144,
                                37.855838
                            ],
                            [
                                23.89557,
                                37.864477
                            ],
                            [
                                23.907995,
                                37.873773
                            ],
                            [
                                23.907636,
                                37.877247
                            ],
                            [
                                23.908172,
                                37.881195
                            ],
                            [
                                23.907659,
                                37.89504
                            ],
                            [
                                23.910026,
                                37.896942
                            ],
                            [
                                23.911418,
                                37.900633
                            ],
                            [
                                23.914995,
                                37.902765
                            ],
                            [
                                23.917403,
                                37.906725
                            ],
                            [
                                23.917166,
                                37.910536
                            ],
                            [
                                23.904972,
                                37.917562
                            ],
                            [
                                23.898187,
                                37.919273
                            ],
                            [
                                23.889271,
                                37.921103
                            ],
                            [
                                23.884248,
                                37.923874
                            ],
                            [
                                23.883546,
                                37.927327
                            ],
                            [
                                23.880763,
                                37.932231
                            ],
                            [
                                23.878925,
                                37.933435
                            ],
                            [
                                23.876589,
                                37.935166
                            ],
                            [
                                23.875712,
                                37.936332
                            ],
                            [
                                23.87344,
                                37.937114
                            ],
                            [
                                23.870898,
                                37.940147
                            ],
                            [
                                23.867211,
                                37.943254
                            ],
                            [
                                23.861535,
                                37.944137
                            ],
                            [
                                23.854556,
                                37.944447
                            ],
                            [
                                23.849385,
                                37.94428
                            ],
                            [
                                23.847868,
                                37.939075
                            ],
                            [
                                23.843318,
                                37.934804
                            ],
                            [
                                23.83869,
                                37.932711
                            ],
                            [
                                23.834093,
                                37.929426
                            ],
                            [
                                23.831219,
                                37.929561
                            ],
                            [
                                23.827326,
                                37.93091
                            ],
                            [
                                23.82304,
                                37.933273
                            ],
                            [
                                23.819313,
                                37.936855
                            ],
                            [
                                23.817687,
                                37.94023
                            ],
                            [
                                23.815981,
                                37.945712
                            ],
                            [
                                23.810266,
                                37.942328
                            ],
                            [
                                23.806297,
                                37.939977
                            ],
                            [
                                23.801805,
                                37.937665
                            ],
                            [
                                23.801509,
                                37.935686
                            ],
                            [
                                23.800946,
                                37.931924
                            ],
                            [
                                23.801266,
                                37.927676
                            ],
                            [
                                23.803041,
                                37.922356
                            ],
                            [
                                23.8044,
                                37.920334
                            ],
                            [
                                23.80384,
                                37.917591
                            ],
                            [
                                23.802522,
                                37.916651
                            ],
                            [
                                23.800885,
                                37.915483
                            ],
                            [
                                23.798487,
                                37.912215
                            ],
                            [
                                23.798278,
                                37.91193
                            ],
                            [
                                23.797486,
                                37.908381
                            ],
                            [
                                23.7966,
                                37.903129
                            ],
                            [
                                23.798529,
                                37.900449
                            ],
                            [
                                23.800244,
                                37.897122
                            ],
                            [
                                23.799142,
                                37.893847
                            ],
                            [
                                23.793998,
                                37.89239
                            ],
                            [
                                23.780929,
                                37.886078
                            ],
                            [
                                23.77555,
                                37.87777
                            ],
                            [
                                23.775383,
                                37.877513
                            ],
                            [
                                23.785149,
                                37.87602
                            ],
                            [
                                23.78649,
                                37.87356
                            ],
                            [
                                23.78911,
                                37.869802
                            ],
                            [
                                23.789614,
                                37.866714
                            ],
                            [
                                23.79011,
                                37.863922
                            ],
                            [
                                23.797785,
                                37.86181
                            ],
                            [
                                23.79812,
                                37.857245
                            ],
                            [
                                23.797653,
                                37.853283
                            ],
                            [
                                23.801245,
                                37.851085
                            ],
                            [
                                23.805946,
                                37.850223
                            ],
                            [
                                23.809011,
                                37.852156
                            ],
                            [
                                23.816429,
                                37.851601
                            ],
                            [
                                23.832607,
                                37.85033
                            ],
                            [
                                23.835305,
                                37.849209
                            ],
                            [
                                23.834814,
                                37.847289
                            ],
                            [
                                23.833116,
                                37.844866
                            ],
                            [
                                23.829997,
                                37.842703
                            ],
                            [
                                23.825929,
                                37.840113
                            ],
                            [
                                23.822892,
                                37.837506
                            ],
                            [
                                23.821114,
                                37.834335
                            ],
                            [
                                23.819971,
                                37.832196
                            ]
                        ]
                    ],
                    [
                        [
                            [
                                23.84306,
                                38.006911
                            ],
                            [
                                23.841723,
                                37.998505
                            ],
                            [
                                23.835882,
                                37.99465
                            ],
                            [
                                23.83505,
                                37.993723
                            ],
                            [
                                23.833066,
                                37.991736
                            ],
                            [
                                23.835645,
                                37.99026
                            ],
                            [
                                23.836459,
                                37.987155
                            ],
                            [
                                23.837784,
                                37.98628
                            ],
                            [
                                23.838997,
                                37.985479
                            ],
                            [
                                23.838595,
                                37.981085
                            ],
                            [
                                23.840969,
                                37.979149
                            ],
                            [
                                23.839483,
                                37.976498
                            ],
                            [
                                23.83758,
                                37.973624
                            ],
                            [
                                23.835931,
                                37.971553
                            ],
                            [
                                23.833007,
                                37.972404
                            ],
                            [
                                23.832912,
                                37.972432
                            ],
                            [
                                23.828805,
                                37.972613
                            ],
                            [
                                23.826421,
                                37.972656
                            ],
                            [
                                23.822801,
                                37.972722
                            ],
                            [
                                23.820096,
                                37.970057
                            ],
                            [
                                23.819277,
                                37.969252
                            ],
                            [
                                23.816816,
                                37.966248
                            ],
                            [
                                23.81672,
                                37.966131
                            ],
                            [
                                23.817632,
                                37.963478
                            ],
                            [
                                23.819789,
                                37.962793
                            ],
                            [
                                23.82031,
                                37.955978
                            ],
                            [
                                23.815981,
                                37.945712
                            ],
                            [
                                23.817687,
                                37.94023
                            ],
                            [
                                23.819313,
                                37.936855
                            ],
                            [
                                23.82304,
                                37.933273
                            ],
                            [
                                23.827326,
                                37.93091
                            ],
                            [
                                23.831219,
                                37.929561
                            ],
                            [
                                23.834093,
                                37.929426
                            ],
                            [
                                23.83869,
                                37.932711
                            ],
                            [
                                23.843318,
                                37.934804
                            ],
                            [
                                23.847868,
                                37.939075
                            ],
                            [
                                23.849385,
                                37.94428
                            ],
                            [
                                23.854556,
                                37.944447
                            ],
                            [
                                23.861535,
                                37.944137
                            ],
                            [
                                23.867211,
                                37.943254
                            ],
                            [
                                23.870898,
                                37.940147
                            ],
                            [
                                23.87344,
                                37.937114
                            ],
                            [
                                23.875712,
                                37.936332
                            ],
                            [
                                23.876589,
                                37.935166
                            ],
                            [
                                23.878925,
                                37.933435
                            ],
                            [
                                23.880763,
                                37.932231
                            ],
                            [
                                23.883546,
                                37.927327
                            ],
                            [
                                23.884248,
                                37.923874
                            ],
                            [
                                23.889271,
                                37.921103
                            ],
                            [
                                23.898187,
                                37.919273
                            ],
                            [
                                23.904972,
                                37.917562
                            ],
                            [
                                23.917166,
                                37.910536
                            ],
                            [
                                23.921328,
                                37.910848
                            ],
                            [
                                23.925543,
                                37.913018
                            ],
                            [
                                23.931806,
                                37.913287
                            ],
                            [
                                23.932797,
                                37.913653
                            ],
                            [
                                23.94042,
                                37.928093
                            ],
                            [
                                23.923833,
                                37.934759
                            ],
                            [
                                23.920686,
                                37.94064
                            ],
                            [
                                23.916814,
                                37.944638
                            ],
                            [
                                23.914008,
                                37.948411
                            ],
                            [
                                23.908959,
                                37.95085
                            ],
                            [
                                23.892232,
                                37.958287
                            ],
                            [
                                23.889204,
                                37.960352
                            ],
                            [
                                23.886061,
                                37.964286
                            ],
                            [
                                23.883449,
                                37.966623
                            ],
                            [
                                23.883621,
                                37.969921
                            ],
                            [
                                23.88392,
                                37.971747
                            ],
                            [
                                23.887173,
                                37.973461
                            ],
                            [
                                23.890281,
                                37.972473
                            ],
                            [
                                23.891955,
                                37.971941
                            ],
                            [
                                23.89648,
                                37.973719
                            ],
                            [
                                23.897198,
                                37.976098
                            ],
                            [
                                23.895649,
                                37.983563
                            ],
                            [
                                23.879226,
                                37.986648
                            ],
                            [
                                23.873552,
                                37.988272
                            ],
                            [
                                23.871966,
                                37.985535
                            ],
                            [
                                23.869969,
                                37.98146
                            ],
                            [
                                23.869158,
                                37.978199
                            ],
                            [
                                23.866862,
                                37.974349
                            ],
                            [
                                23.860348,
                                37.972575
                            ],
                            [
                                23.854533,
                                37.972799
                            ],
                            [
                                23.852961,
                                37.977052
                            ],
                            [
                                23.850281,
                                37.979875
                            ],
                            [
                                23.850656,
                                37.988828
                            ],
                            [
                                23.852835,
                                37.988635
                            ],
                            [
                                23.85338,
                                37.988587
                            ],
                            [
                                23.855926,
                                37.987396
                            ],
                            [
                                23.857624,
                                37.991175
                            ],
                            [
                                23.853842,
                                37.994436
                            ],
                            [
                                23.853918,
                                38.005949
                            ],
                            [
                                23.84306,
                                38.006911
                            ]
                        ]
                    ],
                    [
                        [
                            [
                                23.895649,
                                37.983563
                            ],
                            [
                                23.897198,
                                37.976098
                            ],
                            [
                                23.89648,
                                37.973719
                            ],
                            [
                                23.891955,
                                37.971941
                            ],
                            [
                                23.890281,
                                37.972473
                            ],
                            [
                                23.887173,
                                37.973461
                            ],
                            [
                                23.88392,
                                37.971747
                            ],
                            [
                                23.883621,
                                37.969921
                            ],
                            [
                                23.883449,
                                37.966623
                            ],
                            [
                                23.886061,
                                37.964286
                            ],
                            [
                                23.889204,
                                37.960352
                            ],
                            [
                                23.892232,
                                37.958287
                            ],
                            [
                                23.908959,
                                37.95085
                            ],
                            [
                                23.914008,
                                37.948411
                            ],
                            [
                                23.916814,
                                37.944638
                            ],
                            [
                                23.920686,
                                37.94064
                            ],
                            [
                                23.923833,
                                37.934759
                            ],
                            [
                                23.94042,
                                37.928093
                            ],
                            [
                                23.952463,
                                37.934796
                            ],
                            [
                                23.954478,
                                37.933167
                            ],
                            [
                                23.955014,
                                37.932984
                            ],
                            [
                                23.956743,
                                37.932394
                            ],
                            [
                                23.962626,
                                37.932589
                            ],
                            [
                                23.963787,
                                37.930196
                            ],
                            [
                                23.969881,
                                37.928644
                            ],
                            [
                                23.973895,
                                37.927963
                            ],
                            [
                                23.982037,
                                37.927886
                            ],
                            [
                                23.988074,
                                37.92683
                            ],
                            [
                                23.997001,
                                37.926811
                            ],
                            [
                                24.003186,
                                37.926183
                            ],
                            [
                                24.005174,
                                37.925633
                            ],
                            [
                                24.011797,
                                37.93047
                            ],
                            [
                                24.015118,
                                37.934047
                            ],
                            [
                                24.016906,
                                37.936666
                            ],
                            [
                                24.018247,
                                37.940493
                            ],
                            [
                                24.018446,
                                37.944199
                            ],
                            [
                                24.01736,
                                37.947271
                            ],
                            [
                                24.015636,
                                37.952659
                            ],
                            [
                                24.011886,
                                37.959276
                            ],
                            [
                                24.010673,
                                37.963052
                            ],
                            [
                                24.009204,
                                37.966073
                            ],
                            [
                                24.011176,
                                37.968829
                            ],
                            [
                                24.013985,
                                37.974316
                            ],
                            [
                                24.013666,
                                37.977286
                            ],
                            [
                                24.012708,
                                37.980005
                            ],
                            [
                                24.01349,
                                37.982289
                            ],
                            [
                                24.016811,
                                37.985208
                            ],
                            [
                                24.020285,
                                37.986949
                            ],
                            [
                                24.022431,
                                37.987825
                            ],
                            [
                                24.026235,
                                37.989694
                            ],
                            [
                                24.033673,
                                37.990959
                            ],
                            [
                                24.031757,
                                37.995539
                            ],
                            [
                                24.029841,
                                37.999112
                            ],
                            [
                                24.022445,
                                37.998531
                            ],
                            [
                                24.01433,
                                37.998414
                            ],
                            [
                                24.009641,
                                37.995926
                            ],
                            [
                                23.990215,
                                37.999124
                            ],
                            [
                                23.97794,
                                38.005619
                            ],
                            [
                                23.975006,
                                38.006739
                            ],
                            [
                                23.970578,
                                38.00614
                            ],
                            [
                                23.968056,
                                38.003678
                            ],
                            [
                                23.961298,
                                38.003601
                            ],
                            [
                                23.959508,
                                37.999604
                            ],
                            [
                                23.956257,
                                37.996305
                            ],
                            [
                                23.947497,
                                37.989645
                            ],
                            [
                                23.938324,
                                37.990189
                            ],
                            [
                                23.924977,
                                37.99256
                            ],
                            [
                                23.922666,
                                37.989205
                            ],
                            [
                                23.920903,
                                37.987824
                            ],
                            [
                                23.917686,
                                37.988147
                            ],
                            [
                                23.914617,
                                37.98718
                            ],
                            [
                                23.911128,
                                37.986366
                            ],
                            [
                                23.905436,
                                37.986002
                            ],
                            [
                                23.901139,
                                37.985883
                            ],
                            [
                                23.895649,
                                37.983563
                            ]
                        ]
                    ],
                    [
                        [
                            [
                                23.758444,
                                38.048331
                            ],
                            [
                                23.75908,
                                38.045425
                            ],
                            [
                                23.759767,
                                38.043261
                            ],
                            [
                                23.762,
                                38.042043
                            ],
                            [
                                23.762859,
                                38.039473
                            ],
                            [
                                23.763889,
                                38.037308
                            ],
                            [
                                23.766294,
                                38.036767
                            ],
                            [
                                23.76784,
                                38.035008
                            ],
                            [
                                23.770073,
                                38.034602
                            ],
                            [
                                23.771962,
                                38.036091
                            ],
                            [
                                23.774711,
                                38.036361
                            ],
                            [
                                23.777631,
                                38.037038
                            ],
                            [
                                23.777936,
                                38.037335
                            ],
                            [
                                23.780336,
                                38.039676
                            ],
                            [
                                23.78141,
                                38.043269
                            ],
                            [
                                23.783557,
                                38.043692
                            ],
                            [
                                23.787583,
                                38.045171
                            ],
                            [
                                23.78837,
                                38.046721
                            ],
                            [
                                23.788109,
                                38.046778
                            ],
                            [
                                23.787593,
                                38.04786
                            ],
                            [
                                23.787078,
                                38.050836
                            ],
                            [
                                23.787593,
                                38.05327
                            ],
                            [
                                23.788968,
                                38.054488
                            ],
                            [
                                23.787593,
                                38.05557
                            ],
                            [
                                23.786391,
                                38.057328
                            ],
                            [
                                23.783471,
                                38.05841
                            ],
                            [
                                23.78141,
                                38.058816
                            ],
                            [
                                23.778833,
                                38.060033
                            ],
                            [
                                23.7766,
                                38.060439
                            ],
                            [
                                23.774886,
                                38.060139
                            ],
                            [
                                23.77447,
                                38.059156
                            ],
                            [
                                23.771612,
                                38.057166
                            ],
                            [
                                23.770623,
                                38.053876
                            ],
                            [
                                23.768754,
                                38.0505
                            ],
                            [
                                23.767325,
                                38.048596
                            ],
                            [
                                23.763807,
                                38.048942
                            ],
                            [
                                23.762268,
                                38.05024
                            ],
                            [
                                23.758444,
                                38.048331
                            ]
                        ]
                    ],
                    [
                        [
                            [
                                23.832319,
                                38.055484
                            ],
                            [
                                23.83133,
                                38.055527
                            ],
                            [
                                23.828378,
                                38.056795
                            ],
                            [
                                23.827036,
                                38.057641
                            ],
                            [
                                23.823278,
                                38.058063
                            ],
                            [
                                23.819789,
                                38.059965
                            ],
                            [
                                23.817642,
                                38.060599
                            ],
                            [
                                23.809322,
                                38.06081
                            ],
                            [
                                23.803531,
                                38.061225
                            ],
                            [
                                23.802709,
                                38.059357
                            ],
                            [
                                23.801163,
                                38.056652
                            ],
                            [
                                23.798758,
                                38.054623
                            ],
                            [
                                23.797041,
                                38.05327
                            ],
                            [
                                23.796354,
                                38.052188
                            ],
                            [
                                23.79601,
                                38.049889
                            ],
                            [
                                23.794808,
                                38.046372
                            ],
                            [
                                23.791201,
                                38.046101
                            ],
                            [
                                23.78837,
                                38.046721
                            ],
                            [
                                23.787583,
                                38.045171
                            ],
                            [
                                23.783557,
                                38.043692
                            ],
                            [
                                23.78141,
                                38.043269
                            ],
                            [
                                23.780336,
                                38.039676
                            ],
                            [
                                23.777936,
                                38.037335
                            ],
                            [
                                23.779177,
                                38.036091
                            ],
                            [
                                23.781238,
                                38.035008
                            ],
                            [
                                23.780894,
                                38.031626
                            ],
                            [
                                23.780894,
                                38.027765
                            ],
                            [
                                23.780894,
                                38.027702
                            ],
                            [
                                23.78244,
                                38.026484
                            ],
                            [
                                23.784502,
                                38.023372
                            ],
                            [
                                23.786219,
                                38.02256
                            ],
                            [
                                23.789998,
                                38.022154
                            ],
                            [
                                23.790092,
                                38.022185
                            ],
                            [
                                23.792918,
                                38.023102
                            ],
                            [
                                23.793605,
                                38.025673
                            ],
                            [
                                23.794979,
                                38.027702
                            ],
                            [
                                23.796354,
                                38.028514
                            ],
                            [
                                23.799617,
                                38.028243
                            ],
                            [
                                23.802709,
                                38.027567
                            ],
                            [
                                23.808034,
                                38.02689
                            ],
                            [
                                23.813015,
                                38.02689
                            ],
                            [
                                23.817653,
                                38.027026
                            ],
                            [
                                23.819714,
                                38.027567
                            ],
                            [
                                23.821947,
                                38.029732
                            ],
                            [
                                23.823209,
                                38.03172
                            ],
                            [
                                23.823837,
                                38.032708
                            ],
                            [
                                23.825726,
                                38.035008
                            ],
                            [
                                23.827444,
                                38.036767
                            ],
                            [
                                23.829162,
                                38.038661
                            ],
                            [
                                23.831375,
                                38.040716
                            ],
                            [
                                23.83133,
                                38.040733
                            ],
                            [
                                23.832404,
                                38.043692
                            ],
                            [
                                23.832404,
                                38.046862
                            ],
                            [
                                23.830257,
                                38.048553
                            ],
                            [
                                23.830257,
                                38.050455
                            ],
                            [
                                23.831598,
                                38.051512
                            ],
                            [
                                23.832135,
                                38.054471
                            ],
                            [
                                23.832319,
                                38.055484
                            ]
                        ]
                    ],
                    [
                        [
                            [
                                23.862587,
                                38.036459
                            ],
                            [
                                23.859243,
                                38.03883
                            ],
                            [
                                23.856982,
                                38.040314
                            ],
                            [
                                23.852007,
                                38.039067
                            ],
                            [
                                23.849602,
                                38.037308
                            ],
                            [
                                23.8484,
                                38.035414
                            ],
                            [
                                23.846854,
                                38.031626
                            ],
                            [
                                23.84548,
                                38.030408
                            ],
                            [
                                23.842388,
                                38.029326
                            ],
                            [
                                23.840155,
                                38.028514
                            ],
                            [
                                23.839296,
                                38.026214
                            ],
                            [
                                23.837063,
                                38.022425
                            ],
                            [
                                23.834143,
                                38.021478
                            ],
                            [
                                23.831566,
                                38.02229
                            ],
                            [
                                23.830192,
                                38.023643
                            ],
                            [
                                23.829849,
                                38.024861
                            ],
                            [
                                23.828131,
                                38.025943
                            ],
                            [
                                23.826585,
                                38.027837
                            ],
                            [
                                23.825039,
                                38.029867
                            ],
                            [
                                23.823209,
                                38.03172
                            ],
                            [
                                23.821947,
                                38.029732
                            ],
                            [
                                23.819714,
                                38.027567
                            ],
                            [
                                23.817653,
                                38.027026
                            ],
                            [
                                23.813015,
                                38.02689
                            ],
                            [
                                23.808034,
                                38.02689
                            ],
                            [
                                23.802709,
                                38.027567
                            ],
                            [
                                23.799617,
                                38.028243
                            ],
                            [
                                23.796354,
                                38.028514
                            ],
                            [
                                23.794979,
                                38.027702
                            ],
                            [
                                23.793605,
                                38.025673
                            ],
                            [
                                23.792918,
                                38.023102
                            ],
                            [
                                23.790092,
                                38.022185
                            ],
                            [
                                23.789826,
                                38.016742
                            ],
                            [
                                23.789655,
                                38.014035
                            ],
                            [
                                23.786391,
                                38.012005
                            ],
                            [
                                23.785189,
                                38.010787
                            ],
                            [
                                23.783643,
                                38.009298
                            ],
                            [
                                23.782956,
                                38.007674
                            ],
                            [
                                23.781753,
                                38.006456
                            ],
                            [
                                23.78536,
                                38.005915
                            ],
                            [
                                23.787593,
                                38.005373
                            ],
                            [
                                23.789311,
                                38.003885
                            ],
                            [
                                23.790342,
                                38.002937
                            ],
                            [
                                23.790342,
                                38.000514
                            ],
                            [
                                23.790342,
                                38.000501
                            ],
                            [
                                23.792231,
                                38.000095
                            ],
                            [
                                23.794636,
                                38.000907
                            ],
                            [
                                23.798415,
                                38.002531
                            ],
                            [
                                23.801507,
                                38.003885
                            ],
                            [
                                23.804427,
                                38.003749
                            ],
                            [
                                23.807689,
                                38.004936
                            ],
                            [
                                23.808893,
                                38.005373
                            ],
                            [
                                23.810782,
                                38.006727
                            ],
                            [
                                23.813874,
                                38.008892
                            ],
                            [
                                23.814561,
                                38.00984
                            ],
                            [
                                23.816279,
                                38.011734
                            ],
                            [
                                23.817997,
                                38.014576
                            ],
                            [
                                23.82126,
                                38.016471
                            ],
                            [
                                23.823837,
                                38.017689
                            ],
                            [
                                23.828818,
                                38.017824
                            ],
                            [
                                23.833284,
                                38.018501
                            ],
                            [
                                23.835517,
                                38.017418
                            ],
                            [
                                23.838437,
                                38.015794
                            ],
                            [
                                23.839639,
                                38.01593
                            ],
                            [
                                23.840842,
                                38.017283
                            ],
                            [
                                23.843247,
                                38.018771
                            ],
                            [
                                23.844773,
                                38.019215
                            ],
                            [
                                23.844756,
                                38.019226
                            ],
                            [
                                23.847067,
                                38.023004
                            ],
                            [
                                23.85062,
                                38.026219
                            ],
                            [
                                23.854144,
                                38.030211
                            ],
                            [
                                23.862328,
                                38.036494
                            ],
                            [
                                23.862587,
                                38.036459
                            ]
                        ]
                    ],
                    [
                        [
                            [
                                23.844773,
                                38.019215
                            ],
                            [
                                23.843247,
                                38.018771
                            ],
                            [
                                23.840842,
                                38.017283
                            ],
                            [
                                23.839639,
                                38.01593
                            ],
                            [
                                23.838437,
                                38.015794
                            ],
                            [
                                23.835517,
                                38.017418
                            ],
                            [
                                23.833284,
                                38.018501
                            ],
                            [
                                23.828818,
                                38.017824
                            ],
                            [
                                23.823837,
                                38.017689
                            ],
                            [
                                23.82126,
                                38.016471
                            ],
                            [
                                23.817997,
                                38.014576
                            ],
                            [
                                23.816279,
                                38.011734
                            ],
                            [
                                23.814561,
                                38.00984
                            ],
                            [
                                23.813874,
                                38.008892
                            ],
                            [
                                23.810782,
                                38.006727
                            ],
                            [
                                23.808893,
                                38.005373
                            ],
                            [
                                23.807689,
                                38.004936
                            ],
                            [
                                23.808549,
                                38.003073
                            ],
                            [
                                23.808549,
                                38.000095
                            ],
                            [
                                23.809236,
                                37.996846
                            ],
                            [
                                23.811641,
                                37.996169
                            ],
                            [
                                23.8125,
                                37.994545
                            ],
                            [
                                23.814046,
                                37.993462
                            ],
                            [
                                23.814733,
                                37.991161
                            ],
                            [
                                23.81542,
                                37.986964
                            ],
                            [
                                23.81542,
                                37.984392
                            ],
                            [
                                23.817825,
                                37.982496
                            ],
                            [
                                23.817825,
                                37.980466
                            ],
                            [
                                23.821088,
                                37.979382
                            ],
                            [
                                23.821432,
                                37.977081
                            ],
                            [
                                23.82315,
                                37.975862
                            ],
                            [
                                23.825383,
                                37.974914
                            ],
                            [
                                23.826421,
                                37.972656
                            ],
                            [
                                23.828805,
                                37.972613
                            ],
                            [
                                23.832912,
                                37.972432
                            ],
                            [
                                23.833007,
                                37.972404
                            ],
                            [
                                23.835931,
                                37.971553
                            ],
                            [
                                23.83758,
                                37.973624
                            ],
                            [
                                23.839483,
                                37.976498
                            ],
                            [
                                23.840969,
                                37.979149
                            ],
                            [
                                23.838595,
                                37.981085
                            ],
                            [
                                23.838997,
                                37.985479
                            ],
                            [
                                23.837784,
                                37.98628
                            ],
                            [
                                23.836459,
                                37.987155
                            ],
                            [
                                23.835645,
                                37.99026
                            ],
                            [
                                23.833066,
                                37.991736
                            ],
                            [
                                23.83505,
                                37.993723
                            ],
                            [
                                23.835882,
                                37.99465
                            ],
                            [
                                23.841723,
                                37.998505
                            ],
                            [
                                23.84306,
                                38.006911
                            ],
                            [
                                23.84757,
                                38.013871
                            ],
                            [
                                23.847804,
                                38.017359
                            ],
                            [
                                23.844773,
                                38.019215
                            ]
                        ]
                    ],
                    [
                        [
                            [
                                23.826421,
                                37.972656
                            ],
                            [
                                23.825383,
                                37.974914
                            ],
                            [
                                23.82315,
                                37.975862
                            ],
                            [
                                23.821432,
                                37.977081
                            ],
                            [
                                23.821088,
                                37.979382
                            ],
                            [
                                23.817825,
                                37.980466
                            ],
                            [
                                23.817825,
                                37.982496
                            ],
                            [
                                23.81542,
                                37.984392
                            ],
                            [
                                23.81542,
                                37.986964
                            ],
                            [
                                23.814733,
                                37.991161
                            ],
                            [
                                23.814046,
                                37.993462
                            ],
                            [
                                23.8125,
                                37.994545
                            ],
                            [
                                23.811641,
                                37.996169
                            ],
                            [
                                23.809236,
                                37.996846
                            ],
                            [
                                23.808549,
                                38.000095
                            ],
                            [
                                23.808549,
                                38.003073
                            ],
                            [
                                23.807689,
                                38.004936
                            ],
                            [
                                23.804427,
                                38.003749
                            ],
                            [
                                23.801507,
                                38.003885
                            ],
                            [
                                23.798415,
                                38.002531
                            ],
                            [
                                23.794636,
                                38.000907
                            ],
                            [
                                23.792231,
                                38.000095
                            ],
                            [
                                23.790342,
                                38.000501
                            ],
                            [
                                23.790342,
                                38.000514
                            ],
                            [
                                23.788824,
                                37.999033
                            ],
                            [
                                23.788109,
                                37.998335
                            ],
                            [
                                23.787078,
                                37.997252
                            ],
                            [
                                23.787422,
                                37.995222
                            ],
                            [
                                23.788452,
                                37.993191
                            ],
                            [
                                23.79017,
                                37.991973
                            ],
                            [
                                23.791716,
                                37.990349
                            ],
                            [
                                23.792403,
                                37.988724
                            ],
                            [
                                23.791888,
                                37.987235
                            ],
                            [
                                23.789998,
                                37.986693
                            ],
                            [
                                23.787765,
                                37.986423
                            ],
                            [
                                23.78725,
                                37.984392
                            ],
                            [
                                23.786391,
                                37.98209
                            ],
                            [
                                23.786826,
                                37.980891
                            ],
                            [
                                23.787078,
                                37.980195
                            ],
                            [
                                23.787593,
                                37.977622
                            ],
                            [
                                23.79017,
                                37.975456
                            ],
                            [
                                23.791029,
                                37.97356
                            ],
                            [
                                23.792747,
                                37.972612
                            ],
                            [
                                23.795838,
                                37.970717
                            ],
                            [
                                23.797728,
                                37.968956
                            ],
                            [
                                23.801678,
                                37.968686
                            ],
                            [
                                23.803224,
                                37.970311
                            ],
                            [
                                23.807519,
                                37.970852
                            ],
                            [
                                23.816107,
                                37.970581
                            ],
                            [
                                23.820096,
                                37.970057
                            ],
                            [
                                23.822801,
                                37.972722
                            ],
                            [
                                23.826421,
                                37.972656
                            ]
                        ]
                    ],
                    [
                        [
                            [
                                23.750647,
                                38.046516
                            ],
                            [
                                23.750148,
                                38.044749
                            ],
                            [
                                23.749289,
                                38.041096
                            ],
                            [
                                23.747056,
                                38.038526
                            ],
                            [
                                23.746369,
                                38.03582
                            ],
                            [
                                23.74551,
                                38.032844
                            ],
                            [
                                23.745167,
                                38.030273
                            ],
                            [
                                23.745663,
                                38.029156
                            ],
                            [
                                23.746369,
                                38.027567
                            ],
                            [
                                23.748774,
                                38.026078
                            ],
                            [
                                23.751007,
                                38.025131
                            ],
                            [
                                23.752896,
                                38.024725
                            ],
                            [
                                23.753059,
                                38.024777
                            ],
                            [
                                23.753755,
                                38.024996
                            ],
                            [
                                23.754614,
                                38.025673
                            ],
                            [
                                23.755988,
                                38.027161
                            ],
                            [
                                23.758564,
                                38.027296
                            ],
                            [
                                23.760454,
                                38.026484
                            ],
                            [
                                23.761313,
                                38.025131
                            ],
                            [
                                23.762343,
                                38.024184
                            ],
                            [
                                23.763718,
                                38.024319
                            ],
                            [
                                23.764405,
                                38.025673
                            ],
                            [
                                23.765607,
                                38.027161
                            ],
                            [
                                23.769558,
                                38.028108
                            ],
                            [
                                23.77185,
                                38.027707
                            ],
                            [
                                23.772306,
                                38.028785
                            ],
                            [
                                23.774711,
                                38.029867
                            ],
                            [
                                23.777459,
                                38.028243
                            ],
                            [
                                23.778146,
                                38.027837
                            ],
                            [
                                23.780894,
                                38.027765
                            ],
                            [
                                23.780894,
                                38.031626
                            ],
                            [
                                23.781238,
                                38.035008
                            ],
                            [
                                23.779177,
                                38.036091
                            ],
                            [
                                23.777936,
                                38.037335
                            ],
                            [
                                23.777631,
                                38.037038
                            ],
                            [
                                23.774711,
                                38.036361
                            ],
                            [
                                23.771962,
                                38.036091
                            ],
                            [
                                23.770073,
                                38.034602
                            ],
                            [
                                23.76784,
                                38.035008
                            ],
                            [
                                23.766294,
                                38.036767
                            ],
                            [
                                23.763889,
                                38.037308
                            ],
                            [
                                23.762859,
                                38.039473
                            ],
                            [
                                23.762,
                                38.042043
                            ],
                            [
                                23.759767,
                                38.043261
                            ],
                            [
                                23.75908,
                                38.045425
                            ],
                            [
                                23.758444,
                                38.048331
                            ],
                            [
                                23.757761,
                                38.04799
                            ],
                            [
                                23.755782,
                                38.046258
                            ],
                            [
                                23.750647,
                                38.046516
                            ]
                        ]
                    ],
                    [
                        [
                            [
                                23.629566,
                                37.992921
                            ],
                            [
                                23.627505,
                                37.993327
                            ],
                            [
                                23.624928,
                                37.994004
                            ],
                            [
                                23.620634,
                                37.994004
                            ],
                            [
                                23.615824,
                                37.993733
                            ],
                            [
                                23.614279,
                                37.992244
                            ],
                            [
                                23.612775,
                                37.991849
                            ],
                            [
                                23.615814,
                                37.989773
                            ],
                            [
                                23.619571,
                                37.986812
                            ],
                            [
                                23.62306,
                                37.984908
                            ],
                            [
                                23.626281,
                                37.981735
                            ],
                            [
                                23.630844,
                                37.978139
                            ],
                            [
                                23.632722,
                                37.975177
                            ],
                            [
                                23.632991,
                                37.971792
                            ],
                            [
                                23.633796,
                                37.967348
                            ],
                            [
                                23.632722,
                                37.964809
                            ],
                            [
                                23.631783,
                                37.963477
                            ],
                            [
                                23.638326,
                                37.962863
                            ],
                            [
                                23.646571,
                                37.962321
                            ],
                            [
                                23.651381,
                                37.962998
                            ],
                            [
                                23.655503,
                                37.964894
                            ],
                            [
                                23.657908,
                                37.964488
                            ],
                            [
                                23.659282,
                                37.962727
                            ],
                            [
                                23.659454,
                                37.96056
                            ],
                            [
                                23.660141,
                                37.9588
                            ],
                            [
                                23.66203,
                                37.958529
                            ],
                            [
                                23.666153,
                                37.957852
                            ],
                            [
                                23.66787,
                                37.956633
                            ],
                            [
                                23.668729,
                                37.954872
                            ],
                            [
                                23.669588,
                                37.953382
                            ],
                            [
                                23.674165,
                                37.953189
                            ],
                            [
                                23.675085,
                                37.956091
                            ],
                            [
                                23.678177,
                                37.957581
                            ],
                            [
                                23.680753,
                                37.958393
                            ],
                            [
                                23.683158,
                                37.959748
                            ],
                            [
                                23.685906,
                                37.960696
                            ],
                            [
                                23.689342,
                                37.961102
                            ],
                            [
                                23.68917,
                                37.963269
                            ],
                            [
                                23.688311,
                                37.965842
                            ],
                            [
                                23.686422,
                                37.967467
                            ],
                            [
                                23.685906,
                                37.969904
                            ],
                            [
                                23.687452,
                                37.971665
                            ],
                            [
                                23.685906,
                                37.973696
                            ],
                            [
                                23.685876,
                                37.974048
                            ],
                            [
                                23.683501,
                                37.973967
                            ],
                            [
                                23.680925,
                                37.974644
                            ],
                            [
                                23.678177,
                                37.975862
                            ],
                            [
                                23.676115,
                                37.975727
                            ],
                            [
                                23.673539,
                                37.975727
                            ],
                            [
                                23.672336,
                                37.97681
                            ],
                            [
                                23.670791,
                                37.978029
                            ],
                            [
                                23.670103,
                                37.979653
                            ],
                            [
                                23.668558,
                                37.981278
                            ],
                            [
                                23.666325,
                                37.981549
                            ],
                            [
                                23.66531,
                                37.982481
                            ],
                            [
                                23.664758,
                                37.98078
                            ],
                            [
                                23.662889,
                                37.979133
                            ],
                            [
                                23.659921,
                                37.978787
                            ],
                            [
                                23.659042,
                                37.976187
                            ],
                            [
                                23.659481,
                                37.973501
                            ],
                            [
                                23.656953,
                                37.971681
                            ],
                            [
                                23.653435,
                                37.971248
                            ],
                            [
                                23.651236,
                                37.969774
                            ],
                            [
                                23.649477,
                                37.969774
                            ],
                            [
                                23.647609,
                                37.971161
                            ],
                            [
                                23.647279,
                                37.972807
                            ],
                            [
                                23.646399,
                                37.975494
                            ],
                            [
                                23.64464,
                                37.97766
                            ],
                            [
                                23.643981,
                                37.97922
                            ],
                            [
                                23.643431,
                                37.981733
                            ],
                            [
                                23.641672,
                                37.982946
                            ],
                            [
                                23.639034,
                                37.983812
                            ],
                            [
                                23.637165,
                                37.986325
                            ],
                            [
                                23.635516,
                                37.986932
                            ],
                            [
                                23.633867,
                                37.988491
                            ],
                            [
                                23.631668,
                                37.990397
                            ],
                            [
                                23.62969,
                                37.992043
                            ],
                            [
                                23.629566,
                                37.992921
                            ]
                        ]
                    ],
                    [
                        [
                            [
                                23.801509,
                                37.935686
                            ],
                            [
                                23.793605,
                                37.935908
                            ],
                            [
                                23.785017,
                                37.935773
                            ],
                            [
                                23.779692,
                                37.935908
                            ],
                            [
                                23.774711,
                                37.937398
                            ],
                            [
                                23.771447,
                                37.938753
                            ],
                            [
                                23.770588,
                                37.941056
                            ],
                            [
                                23.769729,
                                37.94363
                            ],
                            [
                                23.76784,
                                37.945933
                            ],
                            [
                                23.766638,
                                37.947152
                            ],
                            [
                                23.76303,
                                37.947693
                            ],
                            [
                                23.76011,
                                37.947829
                            ],
                            [
                                23.759247,
                                37.94779
                            ],
                            [
                                23.754098,
                                37.947558
                            ],
                            [
                                23.752037,
                                37.945526
                            ],
                            [
                                23.749461,
                                37.944443
                            ],
                            [
                                23.748018,
                                37.943558
                            ],
                            [
                                23.748258,
                                37.943494
                            ],
                            [
                                23.746884,
                                37.941327
                            ],
                            [
                                23.744995,
                                37.940785
                            ],
                            [
                                23.744651,
                                37.939701
                            ],
                            [
                                23.744651,
                                37.937669
                            ],
                            [
                                23.747056,
                                37.936044
                            ],
                            [
                                23.747571,
                                37.933876
                            ],
                            [
                                23.747571,
                                37.93076
                            ],
                            [
                                23.747736,
                                37.927779
                            ],
                            [
                                23.747915,
                                37.924527
                            ],
                            [
                                23.747571,
                                37.919785
                            ],
                            [
                                23.747814,
                                37.919762
                            ],
                            [
                                23.751865,
                                37.919379
                            ],
                            [
                                23.754614,
                                37.918836
                            ],
                            [
                                23.757019,
                                37.917617
                            ],
                            [
                                23.763374,
                                37.916804
                            ],
                            [
                                23.770932,
                                37.916804
                            ],
                            [
                                23.774711,
                                37.918023
                            ],
                            [
                                23.778146,
                                37.919107
                            ],
                            [
                                23.785189,
                                37.91965
                            ],
                            [
                                23.791201,
                                37.918836
                            ],
                            [
                                23.795151,
                                37.917481
                            ],
                            [
                                23.802522,
                                37.916651
                            ],
                            [
                                23.80384,
                                37.917591
                            ],
                            [
                                23.8044,
                                37.920334
                            ],
                            [
                                23.803041,
                                37.922356
                            ],
                            [
                                23.801266,
                                37.927676
                            ],
                            [
                                23.800946,
                                37.931924
                            ],
                            [
                                23.801509,
                                37.935686
                            ]
                        ]
                    ],
                    [
                        [
                            [
                                23.759247,
                                37.94779
                            ],
                            [
                                23.757523,
                                37.94915
                            ],
                            [
                                23.755913,
                                37.951266
                            ],
                            [
                                23.752692,
                                37.954229
                            ],
                            [
                                23.75148,
                                37.955185
                            ],
                            [
                                23.739541,
                                37.954652
                            ],
                            [
                                23.734173,
                                37.954229
                            ],
                            [
                                23.731758,
                                37.953171
                            ],
                            [
                                23.728537,
                                37.950419
                            ],
                            [
                                23.728343,
                                37.947964
                            ],
                            [
                                23.729707,
                                37.947964
                            ],
                            [
                                23.732762,
                                37.946316
                            ],
                            [
                                23.732971,
                                37.946203
                            ],
                            [
                                23.735032,
                                37.945662
                            ],
                            [
                                23.73967,
                                37.94661
                            ],
                            [
                                23.741388,
                                37.947152
                            ],
                            [
                                23.743792,
                                37.946339
                            ],
                            [
                                23.744823,
                                37.944849
                            ],
                            [
                                23.746197,
                                37.944036
                            ],
                            [
                                23.748018,
                                37.943558
                            ],
                            [
                                23.749461,
                                37.944443
                            ],
                            [
                                23.752037,
                                37.945526
                            ],
                            [
                                23.754098,
                                37.947558
                            ],
                            [
                                23.759247,
                                37.94779
                            ]
                        ]
                    ],
                    [
                        [
                            [
                                23.788824,
                                37.999033
                            ],
                            [
                                23.786219,
                                37.999147
                            ],
                            [
                                23.783127,
                                37.9982
                            ],
                            [
                                23.781753,
                                37.996982
                            ],
                            [
                                23.781753,
                                37.995222
                            ],
                            [
                                23.778833,
                                37.996305
                            ],
                            [
                                23.776428,
                                37.996846
                            ],
                            [
                                23.771791,
                                37.997117
                            ],
                            [
                                23.768871,
                                37.997929
                            ],
                            [
                                23.765951,
                                37.999689
                            ],
                            [
                                23.763876,
                                38.002204
                            ],
                            [
                                23.761828,
                                38.001584
                            ],
                            [
                                23.758908,
                                38.001854
                            ],
                            [
                                23.757362,
                                38.002667
                            ],
                            [
                                23.755301,
                                38.003479
                            ],
                            [
                                23.753927,
                                38.004697
                            ],
                            [
                                23.752209,
                                38.005915
                            ],
                            [
                                23.750491,
                                38.006186
                            ],
                            [
                                23.748087,
                                38.004832
                            ],
                            [
                                23.745338,
                                38.006456
                            ],
                            [
                                23.744136,
                                38.008351
                            ],
                            [
                                23.744651,
                                38.010381
                            ],
                            [
                                23.746712,
                                38.011328
                            ],
                            [
                                23.747743,
                                38.014306
                            ],
                            [
                                23.74843,
                                38.015794
                            ],
                            [
                                23.750148,
                                38.01823
                            ],
                            [
                                23.750835,
                                38.020125
                            ],
                            [
                                23.751865,
                                38.021207
                            ],
                            [
                                23.753583,
                                38.023372
                            ],
                            [
                                23.753059,
                                38.024777
                            ],
                            [
                                23.752896,
                                38.024725
                            ],
                            [
                                23.751007,
                                38.025131
                            ],
                            [
                                23.748774,
                                38.026078
                            ],
                            [
                                23.746369,
                                38.027567
                            ],
                            [
                                23.745663,
                                38.029156
                            ],
                            [
                                23.743449,
                                38.028514
                            ],
                            [
                                23.739155,
                                38.027567
                            ],
                            [
                                23.73778,
                                38.025537
                            ],
                            [
                                23.735547,
                                38.022831
                            ],
                            [
                                23.731769,
                                38.02256
                            ],
                            [
                                23.729364,
                                38.021884
                            ],
                            [
                                23.72799,
                                38.02026
                            ],
                            [
                                23.726615,
                                38.018366
                            ],
                            [
                                23.723524,
                                38.015794
                            ],
                            [
                                23.721806,
                                38.014441
                            ],
                            [
                                23.72005,
                                38.014639
                            ],
                            [
                                23.719745,
                                38.014306
                            ],
                            [
                                23.719103,
                                38.010767
                            ],
                            [
                                23.719058,
                                38.010516
                            ],
                            [
                                23.718714,
                                38.00808
                            ],
                            [
                                23.715279,
                                38.00605
                            ],
                            [
                                23.709954,
                                38.001854
                            ],
                            [
                                23.70669,
                                38.000366
                            ],
                            [
                                23.704457,
                                37.999824
                            ],
                            [
                                23.700678,
                                37.997794
                            ],
                            [
                                23.700678,
                                37.993191
                            ],
                            [
                                23.697758,
                                37.991567
                            ],
                            [
                                23.697341,
                                37.991417
                            ],
                            [
                                23.695869,
                                37.99089
                            ],
                            [
                                23.694323,
                                37.987641
                            ],
                            [
                                23.694151,
                                37.985746
                            ],
                            [
                                23.692949,
                                37.983715
                            ],
                            [
                                23.691575,
                                37.981684
                            ],
                            [
                                23.690029,
                                37.979924
                            ],
                            [
                                23.689342,
                                37.978435
                            ],
                            [
                                23.689508,
                                37.97778
                            ],
                            [
                                23.689685,
                                37.977081
                            ],
                            [
                                23.691918,
                                37.975862
                            ],
                            [
                                23.694838,
                                37.974508
                            ],
                            [
                                23.700163,
                                37.97356
                            ],
                            [
                                23.704629,
                                37.973425
                            ],
                            [
                                23.70669,
                                37.971935
                            ],
                            [
                                23.705488,
                                37.970581
                            ],
                            [
                                23.703598,
                                37.968956
                            ],
                            [
                                23.701365,
                                37.968279
                            ],
                            [
                                23.700163,
                                37.967467
                            ],
                            [
                                23.700678,
                                37.966248
                            ],
                            [
                                23.703083,
                                37.9653
                            ],
                            [
                                23.704801,
                                37.964081
                            ],
                            [
                                23.706171,
                                37.962596
                            ],
                            [
                                23.710641,
                                37.961779
                            ],
                            [
                                23.716825,
                                37.961102
                            ],
                            [
                                23.719229,
                                37.960289
                            ],
                            [
                                23.720604,
                                37.959071
                            ],
                            [
                                23.721119,
                                37.95731
                            ],
                            [
                                23.720088,
                                37.955414
                            ],
                            [
                                23.718542,
                                37.953653
                            ],
                            [
                                23.718673,
                                37.953395
                            ],
                            [
                                23.719229,
                                37.952299
                            ],
                            [
                                23.720775,
                                37.951351
                            ],
                            [
                                23.722665,
                                37.949319
                            ],
                            [
                                23.724898,
                                37.947829
                            ],
                            [
                                23.726272,
                                37.947964
                            ],
                            [
                                23.728343,
                                37.947964
                            ],
                            [
                                23.728537,
                                37.950419
                            ],
                            [
                                23.731758,
                                37.953171
                            ],
                            [
                                23.734173,
                                37.954229
                            ],
                            [
                                23.739541,
                                37.954652
                            ],
                            [
                                23.75148,
                                37.955185
                            ],
                            [
                                23.750545,
                                37.955922
                            ],
                            [
                                23.74974,
                                37.957615
                            ],
                            [
                                23.74813,
                                37.958884
                            ],
                            [
                                23.74974,
                                37.960154
                            ],
                            [
                                23.75135,
                                37.961424
                            ],
                            [
                                23.754034,
                                37.962058
                            ],
                            [
                                23.758313,
                                37.963986
                            ],
                            [
                                23.75616,
                                37.964623
                            ],
                            [
                                23.754614,
                                37.966384
                            ],
                            [
                                23.754614,
                                37.968279
                            ],
                            [
                                23.753068,
                                37.970311
                            ],
                            [
                                23.75427,
                                37.970852
                            ],
                            [
                                23.757019,
                                37.971123
                            ],
                            [
                                23.76011,
                                37.971123
                            ],
                            [
                                23.762474,
                                37.972986
                            ],
                            [
                                23.760626,
                                37.974779
                            ],
                            [
                                23.761313,
                                37.977487
                            ],
                            [
                                23.765263,
                                37.977893
                            ],
                            [
                                23.766809,
                                37.979653
                            ],
                            [
                                23.770932,
                                37.981007
                            ],
                            [
                                23.773165,
                                37.981278
                            ],
                            [
                                23.780894,
                                37.980059
                            ],
                            [
                                23.786826,
                                37.980891
                            ],
                            [
                                23.786391,
                                37.98209
                            ],
                            [
                                23.78725,
                                37.984392
                            ],
                            [
                                23.787765,
                                37.986423
                            ],
                            [
                                23.789998,
                                37.986693
                            ],
                            [
                                23.791888,
                                37.987235
                            ],
                            [
                                23.792403,
                                37.988724
                            ],
                            [
                                23.791716,
                                37.990349
                            ],
                            [
                                23.79017,
                                37.991973
                            ],
                            [
                                23.788452,
                                37.993191
                            ],
                            [
                                23.787422,
                                37.995222
                            ],
                            [
                                23.787078,
                                37.997252
                            ],
                            [
                                23.788109,
                                37.998335
                            ],
                            [
                                23.788824,
                                37.999033
                            ]
                        ]
                    ],
                    [
                        [
                            [
                                23.674165,
                                37.953189
                            ],
                            [
                                23.674054,
                                37.95284
                            ],
                            [
                                23.673882,
                                37.948913
                            ],
                            [
                                23.673882,
                                37.945526
                            ],
                            [
                                23.673882,
                                37.94214
                            ],
                            [
                                23.674527,
                                37.941124
                            ],
                            [
                                23.670068,
                                37.935567
                            ],
                            [
                                23.668944,
                                37.931817
                            ],
                            [
                                23.67702,
                                37.931927
                            ],
                            [
                                23.676052,
                                37.933755
                            ],
                            [
                                23.676247,
                                37.935532
                            ],
                            [
                                23.682772,
                                37.940031
                            ],
                            [
                                23.684017,
                                37.945662
                            ],
                            [
                                23.685734,
                                37.947287
                            ],
                            [
                                23.686937,
                                37.950538
                            ],
                            [
                                23.689513,
                                37.953111
                            ],
                            [
                                23.692777,
                                37.954601
                            ],
                            [
                                23.694838,
                                37.956091
                            ],
                            [
                                23.696041,
                                37.957987
                            ],
                            [
                                23.697071,
                                37.959612
                            ],
                            [
                                23.698961,
                                37.960019
                            ],
                            [
                                23.70274,
                                37.960154
                            ],
                            [
                                23.703942,
                                37.961508
                            ],
                            [
                                23.706171,
                                37.962596
                            ],
                            [
                                23.704801,
                                37.964081
                            ],
                            [
                                23.703083,
                                37.9653
                            ],
                            [
                                23.700678,
                                37.966248
                            ],
                            [
                                23.700163,
                                37.967467
                            ],
                            [
                                23.701365,
                                37.968279
                            ],
                            [
                                23.703598,
                                37.968956
                            ],
                            [
                                23.705488,
                                37.970581
                            ],
                            [
                                23.70669,
                                37.971935
                            ],
                            [
                                23.704629,
                                37.973425
                            ],
                            [
                                23.700163,
                                37.97356
                            ],
                            [
                                23.694838,
                                37.974508
                            ],
                            [
                                23.691918,
                                37.975862
                            ],
                            [
                                23.689685,
                                37.977081
                            ],
                            [
                                23.689508,
                                37.97778
                            ],
                            [
                                23.687796,
                                37.977487
                            ],
                            [
                                23.685734,
                                37.975727
                            ],
                            [
                                23.685876,
                                37.974048
                            ],
                            [
                                23.685906,
                                37.973696
                            ],
                            [
                                23.687452,
                                37.971665
                            ],
                            [
                                23.685906,
                                37.969904
                            ],
                            [
                                23.686422,
                                37.967467
                            ],
                            [
                                23.688311,
                                37.965842
                            ],
                            [
                                23.68917,
                                37.963269
                            ],
                            [
                                23.689342,
                                37.961102
                            ],
                            [
                                23.685906,
                                37.960696
                            ],
                            [
                                23.683158,
                                37.959748
                            ],
                            [
                                23.680753,
                                37.958393
                            ],
                            [
                                23.678177,
                                37.957581
                            ],
                            [
                                23.675085,
                                37.956091
                            ],
                            [
                                23.674165,
                                37.953189
                            ]
                        ]
                    ],
                    [
                        [
                            [
                                23.706171,
                                37.962596
                            ],
                            [
                                23.703942,
                                37.961508
                            ],
                            [
                                23.70274,
                                37.960154
                            ],
                            [
                                23.698961,
                                37.960019
                            ],
                            [
                                23.697071,
                                37.959612
                            ],
                            [
                                23.696041,
                                37.957987
                            ],
                            [
                                23.694838,
                                37.956091
                            ],
                            [
                                23.692777,
                                37.954601
                            ],
                            [
                                23.689513,
                                37.953111
                            ],
                            [
                                23.686937,
                                37.950538
                            ],
                            [
                                23.685734,
                                37.947287
                            ],
                            [
                                23.684017,
                                37.945662
                            ],
                            [
                                23.682763,
                                37.940059
                            ],
                            [
                                23.682772,
                                37.940055
                            ],
                            [
                                23.676243,
                                37.935518
                            ],
                            [
                                23.676049,
                                37.933761
                            ],
                            [
                                23.677018,
                                37.931928
                            ],
                            [
                                23.691746,
                                37.935773
                            ],
                            [
                                23.694151,
                                37.937127
                            ],
                            [
                                23.696384,
                                37.938482
                            ],
                            [
                                23.69793,
                                37.940108
                            ],
                            [
                                23.699476,
                                37.940921
                            ],
                            [
                                23.701365,
                                37.942411
                            ],
                            [
                                23.701812,
                                37.942587
                            ],
                            [
                                23.703083,
                                37.943088
                            ],
                            [
                                23.70377,
                                37.944578
                            ],
                            [
                                23.706003,
                                37.945526
                            ],
                            [
                                23.709095,
                                37.947964
                            ],
                            [
                                23.711672,
                                37.94959
                            ],
                            [
                                23.713905,
                                37.952028
                            ],
                            [
                                23.716996,
                                37.953111
                            ],
                            [
                                23.718673,
                                37.953395
                            ],
                            [
                                23.718542,
                                37.953653
                            ],
                            [
                                23.720088,
                                37.955414
                            ],
                            [
                                23.721119,
                                37.95731
                            ],
                            [
                                23.720604,
                                37.959071
                            ],
                            [
                                23.719229,
                                37.960289
                            ],
                            [
                                23.716825,
                                37.961102
                            ],
                            [
                                23.710641,
                                37.961779
                            ],
                            [
                                23.706171,
                                37.962596
                            ]
                        ]
                    ],
                    [
                        [
                            [
                                23.748018,
                                37.943558
                            ],
                            [
                                23.746197,
                                37.944036
                            ],
                            [
                                23.744823,
                                37.944849
                            ],
                            [
                                23.743792,
                                37.946339
                            ],
                            [
                                23.741388,
                                37.947152
                            ],
                            [
                                23.73967,
                                37.94661
                            ],
                            [
                                23.735032,
                                37.945662
                            ],
                            [
                                23.732971,
                                37.946203
                            ],
                            [
                                23.732762,
                                37.946316
                            ],
                            [
                                23.731769,
                                37.941056
                            ],
                            [
                                23.728505,
                                37.940243
                            ],
                            [
                                23.726787,
                                37.938889
                            ],
                            [
                                23.724382,
                                37.93794
                            ],
                            [
                                23.722493,
                                37.935773
                            ],
                            [
                                23.721462,
                                37.933334
                            ],
                            [
                                23.721462,
                                37.93076
                            ],
                            [
                                23.719967,
                                37.929473
                            ],
                            [
                                23.720088,
                                37.928321
                            ],
                            [
                                23.721806,
                                37.927644
                            ],
                            [
                                23.721291,
                                37.925476
                            ],
                            [
                                23.719745,
                                37.924392
                            ],
                            [
                                23.722149,
                                37.923579
                            ],
                            [
                                23.727474,
                                37.924527
                            ],
                            [
                                23.728505,
                                37.922766
                            ],
                            [
                                23.726444,
                                37.921818
                            ],
                            [
                                23.725899,
                                37.921735
                            ],
                            [
                                23.727646,
                                37.921276
                            ],
                            [
                                23.728677,
                                37.920056
                            ],
                            [
                                23.730566,
                                37.91965
                            ],
                            [
                                23.733143,
                                37.918972
                            ],
                            [
                                23.735032,
                                37.918294
                            ],
                            [
                                23.737265,
                                37.918972
                            ],
                            [
                                23.739326,
                                37.920056
                            ],
                            [
                                23.73967,
                                37.923308
                            ],
                            [
                                23.741044,
                                37.925611
                            ],
                            [
                                23.743621,
                                37.926966
                            ],
                            [
                                23.746197,
                                37.927779
                            ],
                            [
                                23.747736,
                                37.927779
                            ],
                            [
                                23.747571,
                                37.93076
                            ],
                            [
                                23.747571,
                                37.933876
                            ],
                            [
                                23.747056,
                                37.936044
                            ],
                            [
                                23.744651,
                                37.937669
                            ],
                            [
                                23.744651,
                                37.939701
                            ],
                            [
                                23.744995,
                                37.940785
                            ],
                            [
                                23.746884,
                                37.941327
                            ],
                            [
                                23.748258,
                                37.943494
                            ],
                            [
                                23.748018,
                                37.943558
                            ]
                        ]
                    ],
                    [
                        [
                            [
                                23.747736,
                                37.927779
                            ],
                            [
                                23.746197,
                                37.927779
                            ],
                            [
                                23.743621,
                                37.926966
                            ],
                            [
                                23.741044,
                                37.925611
                            ],
                            [
                                23.73967,
                                37.923308
                            ],
                            [
                                23.739326,
                                37.920056
                            ],
                            [
                                23.737265,
                                37.918972
                            ],
                            [
                                23.735032,
                                37.918294
                            ],
                            [
                                23.733143,
                                37.918972
                            ],
                            [
                                23.730566,
                                37.91965
                            ],
                            [
                                23.728677,
                                37.920056
                            ],
                            [
                                23.727646,
                                37.921276
                            ],
                            [
                                23.725899,
                                37.921735
                            ],
                            [
                                23.721978,
                                37.92114
                            ],
                            [
                                23.72026,
                                37.91965
                            ],
                            [
                                23.714248,
                                37.91965
                            ],
                            [
                                23.712359,
                                37.921005
                            ],
                            [
                                23.709782,
                                37.920327
                            ],
                            [
                                23.704739,
                                37.918872
                            ],
                            [
                                23.704741,
                                37.91887
                            ],
                            [
                                23.695261,
                                37.914729
                            ],
                            [
                                23.70056,
                                37.909563
                            ],
                            [
                                23.704884,
                                37.907262
                            ],
                            [
                                23.710114,
                                37.905715
                            ],
                            [
                                23.71293,
                                37.904366
                            ],
                            [
                                23.713391,
                                37.90369
                            ],
                            [
                                23.721148,
                                37.904751
                            ],
                            [
                                23.72507,
                                37.905285
                            ],
                            [
                                23.727646,
                                37.9042
                            ],
                            [
                                23.728848,
                                37.903387
                            ],
                            [
                                23.732799,
                                37.903523
                            ],
                            [
                                23.735032,
                                37.905149
                            ],
                            [
                                23.738296,
                                37.905556
                            ],
                            [
                                23.740357,
                                37.907047
                            ],
                            [
                                23.740701,
                                37.910164
                            ],
                            [
                                23.741559,
                                37.912061
                            ],
                            [
                                23.743449,
                                37.912874
                            ],
                            [
                                23.745338,
                                37.914365
                            ],
                            [
                                23.746884,
                                37.916126
                            ],
                            [
                                23.7474,
                                37.919107
                            ],
                            [
                                23.747814,
                                37.919762
                            ],
                            [
                                23.747571,
                                37.919785
                            ],
                            [
                                23.747915,
                                37.924527
                            ],
                            [
                                23.747736,
                                37.927779
                            ]
                        ]
                    ],
                    [
                        [
                            [
                                23.802522,
                                37.916651
                            ],
                            [
                                23.795151,
                                37.917481
                            ],
                            [
                                23.791201,
                                37.918836
                            ],
                            [
                                23.785189,
                                37.91965
                            ],
                            [
                                23.778146,
                                37.919107
                            ],
                            [
                                23.774711,
                                37.918023
                            ],
                            [
                                23.770932,
                                37.916804
                            ],
                            [
                                23.763374,
                                37.916804
                            ],
                            [
                                23.757019,
                                37.917617
                            ],
                            [
                                23.754614,
                                37.918836
                            ],
                            [
                                23.751865,
                                37.919379
                            ],
                            [
                                23.747814,
                                37.919762
                            ],
                            [
                                23.7474,
                                37.919107
                            ],
                            [
                                23.746884,
                                37.916126
                            ],
                            [
                                23.745338,
                                37.914365
                            ],
                            [
                                23.743449,
                                37.912874
                            ],
                            [
                                23.741559,
                                37.912061
                            ],
                            [
                                23.740701,
                                37.910164
                            ],
                            [
                                23.740357,
                                37.907047
                            ],
                            [
                                23.738296,
                                37.905556
                            ],
                            [
                                23.735032,
                                37.905149
                            ],
                            [
                                23.732799,
                                37.903523
                            ],
                            [
                                23.728848,
                                37.903387
                            ],
                            [
                                23.727646,
                                37.9042
                            ],
                            [
                                23.72507,
                                37.905285
                            ],
                            [
                                23.713391,
                                37.903692
                            ],
                            [
                                23.713391,
                                37.899681
                            ],
                            [
                                23.713568,
                                37.894084
                            ],
                            [
                                23.715755,
                                37.89026
                            ],
                            [
                                23.717583,
                                37.887085
                            ],
                            [
                                23.720755,
                                37.881888
                            ],
                            [
                                23.720538,
                                37.878968
                            ],
                            [
                                23.721543,
                                37.877149
                            ],
                            [
                                23.723257,
                                37.877335
                            ],
                            [
                                23.725585,
                                37.878309
                            ],
                            [
                                23.728677,
                                37.880343
                            ],
                            [
                                23.731425,
                                37.882919
                            ],
                            [
                                23.736063,
                                37.885495
                            ],
                            [
                                23.739498,
                                37.887121
                            ],
                            [
                                23.742075,
                                37.889155
                            ],
                            [
                                23.745682,
                                37.88929
                            ],
                            [
                                23.749976,
                                37.89051
                            ],
                            [
                                23.753927,
                                37.891324
                            ],
                            [
                                23.755473,
                                37.893221
                            ],
                            [
                                23.75616,
                                37.89661
                            ],
                            [
                                23.757534,
                                37.898237
                            ],
                            [
                                23.759423,
                                37.900405
                            ],
                            [
                                23.763202,
                                37.903252
                            ],
                            [
                                23.766122,
                                37.90542
                            ],
                            [
                                23.768699,
                                37.907724
                            ],
                            [
                                23.772134,
                                37.90935
                            ],
                            [
                                23.776772,
                                37.91057
                            ],
                            [
                                23.780036,
                                37.911654
                            ],
                            [
                                23.785017,
                                37.912467
                            ],
                            [
                                23.796354,
                                37.912467
                            ],
                            [
                                23.798487,
                                37.912215
                            ],
                            [
                                23.800885,
                                37.915483
                            ],
                            [
                                23.802522,
                                37.916651
                            ]
                        ]
                    ],
                    [
                        [
                            [
                                23.719103,
                                38.010767
                            ],
                            [
                                23.715966,
                                38.011734
                            ],
                            [
                                23.713406,
                                38.01387
                            ],
                            [
                                23.70858,
                                38.013764
                            ],
                            [
                                23.707549,
                                38.01417
                            ],
                            [
                                23.706518,
                                38.015524
                            ],
                            [
                                23.704973,
                                38.016606
                            ],
                            [
                                23.70377,
                                38.017689
                            ],
                            [
                                23.701537,
                                38.019583
                            ],
                            [
                                23.700163,
                                38.019313
                            ],
                            [
                                23.697587,
                                38.018366
                            ],
                            [
                                23.695697,
                                38.018907
                            ],
                            [
                                23.693808,
                                38.021207
                            ],
                            [
                                23.691918,
                                38.022019
                            ],
                            [
                                23.689685,
                                38.022831
                            ],
                            [
                                23.687109,
                                38.025131
                            ],
                            [
                                23.685563,
                                38.026349
                            ],
                            [
                                23.684532,
                                38.028108
                            ],
                            [
                                23.684532,
                                38.029732
                            ],
                            [
                                23.684804,
                                38.030017
                            ],
                            [
                                23.680581,
                                38.030408
                            ],
                            [
                                23.672336,
                                38.030002
                            ],
                            [
                                23.666153,
                                38.030002
                            ],
                            [
                                23.663576,
                                38.029055
                            ],
                            [
                                23.663075,
                                38.029032
                            ],
                            [
                                23.664607,
                                38.027161
                            ],
                            [
                                23.664607,
                                38.025402
                            ],
                            [
                                23.664435,
                                38.021613
                            ],
                            [
                                23.666496,
                                38.020937
                            ],
                            [
                                23.667699,
                                38.019854
                            ],
                            [
                                23.668901,
                                38.017148
                            ],
                            [
                                23.669588,
                                38.014712
                            ],
                            [
                                23.671649,
                                38.013358
                            ],
                            [
                                23.672852,
                                38.011193
                            ],
                            [
                                23.672852,
                                38.009569
                            ],
                            [
                                23.671649,
                                38.00808
                            ],
                            [
                                23.670088,
                                38.006235
                            ],
                            [
                                23.670694,
                                38.005558
                            ],
                            [
                                23.674542,
                                38.004518
                            ],
                            [
                                23.67795,
                                38.001919
                            ],
                            [
                                23.680258,
                                38.000533
                            ],
                            [
                                23.682237,
                                37.99984
                            ],
                            [
                                23.685205,
                                37.998628
                            ],
                            [
                                23.687734,
                                37.997155
                            ],
                            [
                                23.689932,
                                37.995942
                            ],
                            [
                                23.693121,
                                37.993776
                            ],
                            [
                                23.695759,
                                37.99213
                            ],
                            [
                                23.697341,
                                37.991417
                            ],
                            [
                                23.697758,
                                37.991567
                            ],
                            [
                                23.700678,
                                37.993191
                            ],
                            [
                                23.700678,
                                37.997794
                            ],
                            [
                                23.704457,
                                37.999824
                            ],
                            [
                                23.70669,
                                38.000366
                            ],
                            [
                                23.709954,
                                38.001854
                            ],
                            [
                                23.715279,
                                38.00605
                            ],
                            [
                                23.718714,
                                38.00808
                            ],
                            [
                                23.719058,
                                38.010516
                            ],
                            [
                                23.719103,
                                38.010767
                            ]
                        ]
                    ],
                    [
                        [
                            [
                                23.649392,
                                37.998251
                            ],
                            [
                                23.649663,
                                37.995899
                            ],
                            [
                                23.648804,
                                37.994274
                            ],
                            [
                                23.647602,
                                37.993462
                            ],
                            [
                                23.647258,
                                37.992244
                            ],
                            [
                                23.648289,
                                37.99089
                            ],
                            [
                                23.649491,
                                37.989942
                            ],
                            [
                                23.65035,
                                37.988859
                            ],
                            [
                                23.651724,
                                37.987235
                            ],
                            [
                                23.653614,
                                37.986558
                            ],
                            [
                                23.656018,
                                37.985204
                            ],
                            [
                                23.657393,
                                37.984527
                            ],
                            [
                                23.661687,
                                37.983309
                            ],
                            [
                                23.663576,
                                37.983309
                            ],
                            [
                                23.665567,
                                37.983429
                            ],
                            [
                                23.665809,
                                37.983444
                            ],
                            [
                                23.66684,
                                37.984663
                            ],
                            [
                                23.667527,
                                37.9871
                            ],
                            [
                                23.665981,
                                37.988859
                            ],
                            [
                                23.66495,
                                37.989807
                            ],
                            [
                                23.665466,
                                37.993056
                            ],
                            [
                                23.667355,
                                37.995222
                            ],
                            [
                                23.665908,
                                37.997918
                            ],
                            [
                                23.664661,
                                37.996542
                            ],
                            [
                                23.66113,
                                37.995509
                            ],
                            [
                                23.658822,
                                37.994642
                            ],
                            [
                                23.656953,
                                37.995076
                            ],
                            [
                                23.654754,
                                37.997155
                            ],
                            [
                                23.650137,
                                37.998194
                            ],
                            [
                                23.649392,
                                37.998251
                            ]
                        ]
                    ],
                    [
                        [
                            [
                                23.685876,
                                37.974048
                            ],
                            [
                                23.685734,
                                37.975727
                            ],
                            [
                                23.687796,
                                37.977487
                            ],
                            [
                                23.689508,
                                37.97778
                            ],
                            [
                                23.689342,
                                37.978435
                            ],
                            [
                                23.690029,
                                37.979924
                            ],
                            [
                                23.691575,
                                37.981684
                            ],
                            [
                                23.692949,
                                37.983715
                            ],
                            [
                                23.694151,
                                37.985746
                            ],
                            [
                                23.694323,
                                37.987641
                            ],
                            [
                                23.695869,
                                37.99089
                            ],
                            [
                                23.697341,
                                37.991417
                            ],
                            [
                                23.695759,
                                37.99213
                            ],
                            [
                                23.693121,
                                37.993776
                            ],
                            [
                                23.689932,
                                37.995942
                            ],
                            [
                                23.687734,
                                37.997155
                            ],
                            [
                                23.685205,
                                37.998628
                            ],
                            [
                                23.682237,
                                37.99984
                            ],
                            [
                                23.680258,
                                38.000533
                            ],
                            [
                                23.67795,
                                38.001919
                            ],
                            [
                                23.674542,
                                38.004518
                            ],
                            [
                                23.670694,
                                38.005558
                            ],
                            [
                                23.670088,
                                38.006235
                            ],
                            [
                                23.669932,
                                38.00605
                            ],
                            [
                                23.667699,
                                38.004155
                            ],
                            [
                                23.666002,
                                37.998022
                            ],
                            [
                                23.665908,
                                37.997918
                            ],
                            [
                                23.667355,
                                37.995222
                            ],
                            [
                                23.665466,
                                37.993056
                            ],
                            [
                                23.66495,
                                37.989807
                            ],
                            [
                                23.665981,
                                37.988859
                            ],
                            [
                                23.667527,
                                37.9871
                            ],
                            [
                                23.66684,
                                37.984663
                            ],
                            [
                                23.665809,
                                37.983444
                            ],
                            [
                                23.665567,
                                37.983429
                            ],
                            [
                                23.665294,
                                37.982496
                            ],
                            [
                                23.66531,
                                37.982481
                            ],
                            [
                                23.666325,
                                37.981549
                            ],
                            [
                                23.668558,
                                37.981278
                            ],
                            [
                                23.670103,
                                37.979653
                            ],
                            [
                                23.670791,
                                37.978029
                            ],
                            [
                                23.672336,
                                37.97681
                            ],
                            [
                                23.673539,
                                37.975727
                            ],
                            [
                                23.676115,
                                37.975727
                            ],
                            [
                                23.678177,
                                37.975862
                            ],
                            [
                                23.680925,
                                37.974644
                            ],
                            [
                                23.683501,
                                37.973967
                            ],
                            [
                                23.685876,
                                37.974048
                            ]
                        ]
                    ],
                    [
                        [
                            [
                                23.631783,
                                37.963477
                            ],
                            [
                                23.63138,
                                37.962905
                            ],
                            [
                                23.630575,
                                37.960366
                            ],
                            [
                                23.630575,
                                37.956133
                            ],
                            [
                                23.63138,
                                37.952959
                            ],
                            [
                                23.633796,
                                37.951478
                            ],
                            [
                                23.635943,
                                37.950631
                            ],
                            [
                                23.637811,
                                37.948371
                            ],
                            [
                                23.638886,
                                37.948684
                            ],
                            [
                                23.64031,
                                37.94899
                            ],
                            [
                                23.641864,
                                37.949092
                            ],
                            [
                                23.643612,
                                37.948786
                            ],
                            [
                                23.644748,
                                37.945442
                            ],
                            [
                                23.644811,
                                37.942929
                            ],
                            [
                                23.640286,
                                37.941556
                            ],
                            [
                                23.635903,
                                37.940004
                            ],
                            [
                                23.630689,
                                37.939995
                            ],
                            [
                                23.619587,
                                37.937806
                            ],
                            [
                                23.617689,
                                37.929621
                            ],
                            [
                                23.626215,
                                37.930029
                            ],
                            [
                                23.630606,
                                37.925358
                            ],
                            [
                                23.632724,
                                37.924206
                            ],
                            [
                                23.637329,
                                37.924509
                            ],
                            [
                                23.642241,
                                37.925356
                            ],
                            [
                                23.645897,
                                37.927187
                            ],
                            [
                                23.650213,
                                37.930255
                            ],
                            [
                                23.65255,
                                37.931257
                            ],
                            [
                                23.655708,
                                37.931257
                            ],
                            [
                                23.658661,
                                37.931031
                            ],
                            [
                                23.659399,
                                37.931193
                            ],
                            [
                                23.660711,
                                37.931451
                            ],
                            [
                                23.661942,
                                37.931509
                            ],
                            [
                                23.665305,
                                37.931606
                            ],
                            [
                                23.668951,
                                37.931826
                            ],
                            [
                                23.670056,
                                37.935541
                            ],
                            [
                                23.674527,
                                37.941124
                            ],
                            [
                                23.673882,
                                37.94214
                            ],
                            [
                                23.673882,
                                37.945526
                            ],
                            [
                                23.673882,
                                37.948913
                            ],
                            [
                                23.674054,
                                37.95284
                            ],
                            [
                                23.674165,
                                37.953189
                            ],
                            [
                                23.669588,
                                37.953382
                            ],
                            [
                                23.668729,
                                37.954872
                            ],
                            [
                                23.66787,
                                37.956633
                            ],
                            [
                                23.666153,
                                37.957852
                            ],
                            [
                                23.66203,
                                37.958529
                            ],
                            [
                                23.660141,
                                37.9588
                            ],
                            [
                                23.659454,
                                37.96056
                            ],
                            [
                                23.659282,
                                37.962727
                            ],
                            [
                                23.657908,
                                37.964488
                            ],
                            [
                                23.655503,
                                37.964894
                            ],
                            [
                                23.651381,
                                37.962998
                            ],
                            [
                                23.646571,
                                37.962321
                            ],
                            [
                                23.638326,
                                37.962863
                            ],
                            [
                                23.631783,
                                37.963477
                            ]
                        ]
                    ],
                    [
                        [
                            [
                                23.66531,
                                37.982481
                            ],
                            [
                                23.665294,
                                37.982496
                            ],
                            [
                                23.665567,
                                37.983429
                            ],
                            [
                                23.663576,
                                37.983309
                            ],
                            [
                                23.661687,
                                37.983309
                            ],
                            [
                                23.657393,
                                37.984527
                            ],
                            [
                                23.656018,
                                37.985204
                            ],
                            [
                                23.653614,
                                37.986558
                            ],
                            [
                                23.651724,
                                37.987235
                            ],
                            [
                                23.65035,
                                37.988859
                            ],
                            [
                                23.649491,
                                37.989942
                            ],
                            [
                                23.648289,
                                37.99089
                            ],
                            [
                                23.647258,
                                37.992244
                            ],
                            [
                                23.647602,
                                37.993462
                            ],
                            [
                                23.648804,
                                37.994274
                            ],
                            [
                                23.649663,
                                37.995899
                            ],
                            [
                                23.649392,
                                37.998251
                            ],
                            [
                                23.646729,
                                37.998454
                            ],
                            [
                                23.643871,
                                38.001486
                            ],
                            [
                                23.641013,
                                38.000793
                            ],
                            [
                                23.638264,
                                38.000966
                            ],
                            [
                                23.635296,
                                38.002526
                            ],
                            [
                                23.632438,
                                38.002786
                            ],
                            [
                                23.6287,
                                38.002699
                            ],
                            [
                                23.627931,
                                38.00114
                            ],
                            [
                                23.62859,
                                37.998541
                            ],
                            [
                                23.630425,
                                37.996575
                            ],
                            [
                                23.632486,
                                37.995763
                            ],
                            [
                                23.633173,
                                37.99468
                            ],
                            [
                                23.63094,
                                37.993462
                            ],
                            [
                                23.629566,
                                37.992921
                            ],
                            [
                                23.62969,
                                37.992043
                            ],
                            [
                                23.631668,
                                37.990397
                            ],
                            [
                                23.633867,
                                37.988491
                            ],
                            [
                                23.635516,
                                37.986932
                            ],
                            [
                                23.637165,
                                37.986325
                            ],
                            [
                                23.639034,
                                37.983812
                            ],
                            [
                                23.641672,
                                37.982946
                            ],
                            [
                                23.643431,
                                37.981733
                            ],
                            [
                                23.643981,
                                37.97922
                            ],
                            [
                                23.64464,
                                37.97766
                            ],
                            [
                                23.646399,
                                37.975494
                            ],
                            [
                                23.647279,
                                37.972807
                            ],
                            [
                                23.647609,
                                37.971161
                            ],
                            [
                                23.649477,
                                37.969774
                            ],
                            [
                                23.651236,
                                37.969774
                            ],
                            [
                                23.653435,
                                37.971248
                            ],
                            [
                                23.656953,
                                37.971681
                            ],
                            [
                                23.659481,
                                37.973501
                            ],
                            [
                                23.659042,
                                37.976187
                            ],
                            [
                                23.659921,
                                37.978787
                            ],
                            [
                                23.662889,
                                37.979133
                            ],
                            [
                                23.664758,
                                37.98078
                            ],
                            [
                                23.66531,
                                37.982481
                            ]
                        ]
                    ],
                    [
                        [
                            [
                                23.769515,
                                38.074651
                            ],
                            [
                                23.771479,
                                38.073277
                            ],
                            [
                                23.775505,
                                38.072643
                            ],
                            [
                                23.778994,
                                38.0737
                            ],
                            [
                                23.782483,
                                38.074756
                            ],
                            [
                                23.785167,
                                38.073066
                            ],
                            [
                                23.789193,
                                38.072221
                            ],
                            [
                                23.789793,
                                38.072276
                            ],
                            [
                                23.793756,
                                38.072643
                            ],
                            [
                                23.795366,
                                38.070953
                            ],
                            [
                                23.793219,
                                38.06884
                            ],
                            [
                                23.79295,
                                38.066727
                            ],
                            [
                                23.794829,
                                38.065248
                            ],
                            [
                                23.797245,
                                38.065037
                            ],
                            [
                                23.801271,
                                38.063346
                            ],
                            [
                                23.802612,
                                38.062501
                            ],
                            [
                                23.803418,
                                38.061233
                            ],
                            [
                                23.803531,
                                38.061225
                            ],
                            [
                                23.809322,
                                38.06081
                            ],
                            [
                                23.817642,
                                38.060599
                            ],
                            [
                                23.819789,
                                38.059965
                            ],
                            [
                                23.823278,
                                38.058063
                            ],
                            [
                                23.827036,
                                38.057641
                            ],
                            [
                                23.828378,
                                38.056795
                            ],
                            [
                                23.83133,
                                38.055527
                            ],
                            [
                                23.832319,
                                38.055484
                            ],
                            [
                                23.832672,
                                38.057429
                            ],
                            [
                                23.834014,
                                38.058275
                            ],
                            [
                                23.835624,
                                38.060388
                            ],
                            [
                                23.835624,
                                38.062712
                            ],
                            [
                                23.839382,
                                38.062924
                            ],
                            [
                                23.842066,
                                38.064825
                            ],
                            [
                                23.844481,
                                38.066093
                            ],
                            [
                                23.851728,
                                38.066093
                            ],
                            [
                                23.856827,
                                38.066516
                            ],
                            [
                                23.857632,
                                38.068418
                            ],
                            [
                                23.859779,
                                38.068629
                            ],
                            [
                                23.861658,
                                38.070108
                            ],
                            [
                                23.86461,
                                38.070319
                            ],
                            [
                                23.867026,
                                38.072432
                            ],
                            [
                                23.870247,
                                38.072855
                            ],
                            [
                                23.874809,
                                38.072855
                            ],
                            [
                                23.878567,
                                38.07539
                            ],
                            [
                                23.882409,
                                38.076457
                            ],
                            [
                                23.869579,
                                38.084471
                            ],
                            [
                                23.862146,
                                38.089716
                            ],
                            [
                                23.858069,
                                38.093334
                            ],
                            [
                                23.853048,
                                38.096726
                            ],
                            [
                                23.846032,
                                38.09235
                            ],
                            [
                                23.843889,
                                38.094846
                            ],
                            [
                                23.850937,
                                38.100491
                            ],
                            [
                                23.851812,
                                38.101154
                            ],
                            [
                                23.859902,
                                38.107427
                            ],
                            [
                                23.859932,
                                38.113416
                            ],
                            [
                                23.858735,
                                38.115617
                            ],
                            [
                                23.85241,
                                38.115096
                            ],
                            [
                                23.850922,
                                38.111711
                            ],
                            [
                                23.846349,
                                38.11068
                            ],
                            [
                                23.841063,
                                38.113008
                            ],
                            [
                                23.836793,
                                38.116146
                            ],
                            [
                                23.82543,
                                38.115121
                            ],
                            [
                                23.817951,
                                38.104449
                            ],
                            [
                                23.81559,
                                38.103136
                            ],
                            [
                                23.815498,
                                38.103056
                            ],
                            [
                                23.812656,
                                38.102354
                            ],
                            [
                                23.810754,
                                38.100195
                            ],
                            [
                                23.808252,
                                38.100342
                            ],
                            [
                                23.805201,
                                38.101052
                            ],
                            [
                                23.803533,
                                38.100709
                            ],
                            [
                                23.799935,
                                38.09997
                            ],
                            [
                                23.796728,
                                38.097152
                            ],
                            [
                                23.79539,
                                38.097008
                            ],
                            [
                                23.788012,
                                38.096214
                            ],
                            [
                                23.785077,
                                38.092199
                            ],
                            [
                                23.782302,
                                38.087297
                            ],
                            [
                                23.781158,
                                38.086048
                            ],
                            [
                                23.779174,
                                38.084985
                            ],
                            [
                                23.775298,
                                38.08383
                            ],
                            [
                                23.773205,
                                38.081568
                            ],
                            [
                                23.770945,
                                38.075455
                            ],
                            [
                                23.769515,
                                38.074651
                            ]
                        ]
                    ]
                ]
            }
        }
    ]
}